14
das123,Fogle,Carter,123 Main St,Anytown,NY,12345,USA,john.smith@gmail.com
hgd456,Doe,Jane,456 Oak Ave,Smallville,CA,67890,USA,jane.doe@gmail.com,jane_doe@hotmail.com
pfd789,Johnson,William,789 Maple St,Bigcity,TX,54321,USA,will.johnson@gmail.com
rtc012,Williams,Samantha,1010 Elm St,Midtown,FL,24680,USA,sam.williams@gmail.com,sam.williams@yahoo.com
rtb345,Nguyen,David,456 Market St,Seattle,WA,98101,USA,david.nguyen@gmail.com
hje678,Miller,Amanda,789 Broadway St,Portland,OR,97205,USA,amanda.miller@gmail.com
kje901,Lee,Christopher,1010 1st St,San Francisco,CA,94110,USA,chris.lee@gmail.com
iak234,Brown,Stephanie,1234 2nd Ave,Los Angeles,CA,90001,USA,steph.brown@gmail.com
mne567,Chen,Emily,5678 3rd St,New York,NY,10001,USA,emily.chen@gmail.com
oew890,Garcia,Carlos,8900 4th St,Houston,TX,77002,USA,carlos.garcia@gmail.com
ple123,Kim,Hannah,12345 5th Ave,Chicago,IL,60601,USA,hannah.kim@gmail.com
mwo456,Smith,Michael,67890 6th Ave,Miami,FL,33131,USA,michael.smith@gmail.com
pwl789,Taylor,Katherine,90123 7th St,Dallas,TX,75201,USA,katherine.taylor@gmail.com
qwm012,Wong,Justin,23456 8th Ave,Atlanta,GA,30303,USA,justin.wong@gmail.com
pke345,Anderson,Mary,78901 9th St,Detroit,MI,48201,USA,mary.anderson@gmail.com